/documents/remarks-accepting-the-presidential-nomination-the-republican-national-convention-new-york,Remarks Accepting the Presidential Nomination at the Republican National Convention in New York City,2004-09-02
/documents/remarks-west-allis-wisconsin,"Remarks in West Allis, Wisconsin",2004-09-03
/documents/remarks-moosic-pennsylvania,"Remarks in Moosic, Pennsylvania",2004-09-03
/documents/remarks-cedar-rapids-iowa-1,"Remarks in Cedar Rapids, Iowa",2004-09-03
/documents/remarks-discussion-broadview-heights-ohio,"Remarks in a Discussion in Broadview Heights, Ohio",2004-09-04
/documents/remarks-erie-pennsylvania,"Remarks in Erie, Pennsylvania",2004-09-04
/documents/remarks-kirtland-ohio,"Remarks in Kirtland, Ohio",2004-09-04
/documents/remarks-parkersburg-west-virginia,"Remarks in Parkersburg, West Virginia",2004-09-05
/documents/remarks-poplar-bluff-missouri,"Remarks in Poplar Bluff, Missouri",2004-09-06
/documents/remarks-columbia-missouri,"Remarks in Columbia, Missouri",2004-09-07
/documents/remarks-discussion-sedalia-missouri,"Remarks in a Discussion in Sedalia, Missouri",2004-09-07
/documents/remarks-lees-summit-missouri,"Remarks in Lee's Summit, Missouri",2004-09-07
/documents/remarks-intelligence-reform,Remarks on Intelligence Reform,2004-09-08
/documents/remarks-during-visit-the-national-hurricane-center-miami-florida,"Remarks During a Visit to the National Hurricane Center in Miami, Florida",2004-09-08
/documents/remarks-johnstown-pennsylvania,"Remarks in Johnstown, Pennsylvania",2004-09-09
/documents/remarks-colmar-pennsylvania,"Remarks in Colmar, Pennsylvania",2004-09-09
/documents/remarks-huntington-west-virginia-1,"Remarks in Huntington, West Virginia",2004-09-10
/documents/remarks-discussion-portsmouth-ohio,"Remarks in a Discussion in Portsmouth, Ohio",2004-09-10
/documents/remarks-ironton-ohio,"Remarks in Ironton, Ohio",2004-09-10
/documents/remarks-chillicothe-ohio-0,"Remarks in Chillicothe, Ohio",2004-09-10
/documents/remarks-the-terrorist-attacks-russia,Remarks on the Terrorist Attacks in Russia,2004-09-12
/documents/remarks-discussion-health-care-muskegon-michigan,"Remarks in a Discussion on Health Care in Muskegon, Michigan",2004-09-13
/documents/remarks-battle-creek-michigan-0,"Remarks in Battle Creek, Michigan",2004-09-13
/documents/remarks-holland-michigan,"Remarks in Holland, Michigan",2004-09-13
/documents/remarks-the-general-conference-the-national-guard-association-the-united-states-las-vegas,"Remarks to the General Conference of the National Guard Association of the United States in Las Vegas, Nevada",2004-09-14
/documents/remarks-greenwood-village-colorado,"Remarks in Greenwood Village, Colorado",2004-09-14
/documents/remarks-the-hispanic-heritage-month-reception,Remarks at the Hispanic Heritage Month Reception,2004-09-15
/documents/remarks-rochester-minnesota-1,"Remarks in Rochester, Minnesota",2004-09-16
/documents/remarks-st-cloud-minnesota,"Remarks in St. Cloud, Minnesota",2004-09-16
/documents/remarks-discussion-health-care-blaine-minnesota,"Remarks in a Discussion on Health Care in Blaine, Minnesota",2004-09-16
/documents/remarks-victory-2004-reception,Remarks at a Victory 2004 Reception,2004-09-17
/documents/remarks-discussion-womens-issues-charlotte-north-carolina,"Remarks in a Discussion on Women's Issues in Charlotte, North Carolina",2004-09-17
/documents/remarks-following-meeting-with-first-responders-orange-beach-alabama,"Remarks Following a Meeting With First-Responders in Orange Beach, Alabama",2004-09-19
/documents/remarks-rally-new-york-city,Remarks at a Rally in New York City,2004-09-20
/documents/remarks-and-question-and-answer-session-derry-new-hampshire,"Remarks and a Question-and-Answer Session in Derry, New Hampshire",2004-09-20
/documents/remarks-reception-for-heads-state-new-york-city,Remarks at a Reception for Heads of State in New York City,2004-09-21
/documents/remarks-prior-discussions-with-prime-minister-manmohan-singh-india-new-york-city,Remarks Prior to Discussions With Prime Minister Manmohan Singh of India in New York City,2004-09-21
/documents/remarks-following-discussions-with-prime-minister-ayad-allawi-iraq-and-exchange-with,Remarks Following Discussions With Prime Minister Ayad Allawi of Iraq and an Exchange With Reporters in New York City,2004-09-21
/documents/remarks-the-united-nations-general-assembly-new-york-city-2,Remarks to the United Nations General Assembly in New York City,2004-09-21
/documents/remarks-luncheon-hosted-secretary-general-kofi-annan-the-united-nations-new-york-city-2,Remarks at a Luncheon Hosted by Secretary-General Kofi Annan of the United Nations in New York City,2004-09-21
/documents/remarks-recovery-efforts-millvale-pennsylvania,"Remarks on Recovery Efforts in Millvale, Pennsylvania",2004-09-22
/documents/remarks-latrobe-pennsylvania,"Remarks in Latrobe, Pennsylvania",2004-09-22
/documents/remarks-discussion-education-king-prussia-pennsylvania,"Remarks in a Discussion on Education in King of Prussia, Pennsylvania",2004-09-22
/documents/remarks-the-opening-the-national-museum-the-american-indian,Remarks on the Opening of the National Museum of the American Indian,2004-09-23
/documents/remarks-bangor-maine-1,"Remarks in Bangor, Maine",2004-09-23
/documents/remarks-army-reservists-and-national-guard-troops-departing-for-iraq-from-bangor,Remarks to Army Reservists and National Guard Troops Departing for Iraq From Bangor,2004-09-23
/documents/remarks-relief-efforts-for-beslan-russia,"Remarks on Relief Efforts for Beslan, Russia",2004-09-24
/documents/remarks-discussion-education-janesville-wisconsin,"Remarks in a Discussion on Education in Janesville, Wisconsin",2004-09-24
/documents/remarks-racine-wisconsin,"Remarks in Racine, Wisconsin",2004-09-24
/documents/remarks-xenia-ohio,"Remarks in Xenia, Ohio",2004-09-27
/documents/remarks-discussion-education-springfield-ohio,"Remarks in a Discussion on Education in Springfield, Ohio",2004-09-27
/documents/remarks-west-chester-ohio,"Remarks in West Chester, Ohio",2004-09-27
/documents/remarks-following-inspection-hurricane-damage-lake-wales-florida,"Remarks Following an Inspection of Hurricane Damage in Lake Wales, Florida",2004-09-29
/documents/remarks-following-meeting-with-disaster-relief-officials-and-volunteers-stuart-florida,"Remarks Following a Meeting With Disaster Relief Officials and Volunteers in Stuart, Florida",2004-09-30
/documents/remarks-presidental-debate-watch-party-coral-gables-florida,"Remarks at a Presidental Debate Watch Party in Coral Gables, Florida",2004-09-30
/documents/remarks-manchester-new-hampshire-3,"Remarks in Manchester, New Hampshire",2004-10-01
/documents/remarks-allentown-pennsylvania,"Remarks in Allentown, Pennsylvania",2004-10-01
/documents/remarks-cuyahoga-falls-ohio,"Remarks in Cuyahoga Falls, Ohio",2004-10-02
/documents/remarks-the-national-association-home-builders-columbus-ohio,"Remarks to the National Association of Home Builders in Columbus, Ohio",2004-10-02
/documents/remarks-discussion-mansfield-ohio,"Remarks in a Discussion in Mansfield, Ohio",2004-10-02
/documents/remarks-discussion-clive-iowa,"Remarks in a Discussion in Clive, Iowa",2004-10-04
/documents/remarks-signing-the-working-families-tax-relief-act-2004-des-moines-iowa,"Remarks on Signing the Working Families Tax Relief Act of 2004 in Des Moines, Iowa",2004-10-04
/documents/remarks-wilkes-barre-pennsylvania-0,"Remarks in Wilkes-Barre, Pennsylvania",2004-10-06
/documents/remarks-farmington-hills-michigan,"Remarks in Farmington Hills, Michigan",2004-10-06
/documents/remarks-wausau-wisconsin,"Remarks in Wausau, Wisconsin",2004-10-07
/documents/remarks-the-report-iraqs-weapons-mass-destruction,Remarks on the Report on Iraq's Weapons of Mass Destruction,2004-10-07
/documents/remarks-presidential-debate-watch-party-ballwin-missouri,"Remarks at a Presidential Debate Watch Party in Ballwin, Missouri",2004-10-08
/documents/remarks-chanhassen-minnesota,"Remarks in Chanhassen, Minnesota",2004-10-09
/documents/remarks-breakfast-for-gubernatorial-candidate-matt-blunt-st-louis-missouri,"Remarks at a Breakfast for Gubernatorial Candidate Matt Blunt in St. Louis, Missouri",2004-10-09
/documents/remarks-waterloo-iowa,"Remarks in Waterloo, Iowa",2004-10-09
/documents/remarks-morrison-colorado,"Remarks in Morrison, Colorado",2004-10-11
/documents/remarks-hobbs-new-mexico,"Remarks in Hobbs, New Mexico",2004-10-11
/documents/remarks-luncheon-for-senatorial-candidate-pete-coors-denver-colorado,"Remarks at a Luncheon for Senatorial Candidate Pete Coors in Denver, Colorado",2004-10-11
/documents/remarks-paradise-valley-arizona,"Remarks in Paradise Valley, Arizona",2004-10-12
/documents/remarks-colorado-springs-colorado,"Remarks in Colorado Springs, Colorado",2004-10-12
/documents/remarks-presidential-debate-watch-party-phoenix-arizona,"Remarks at a Presidential Debate Watch Party in Phoenix, Arizona",2004-10-13
/documents/remarks-reno-nevada-0,"Remarks in Reno, Nevada",2004-10-14
/documents/remarks-central-point-oregon-0,"Remarks in Central Point, Oregon",2004-10-14
/documents/remarks-las-vegas-nevada-1,"Remarks in Las Vegas, Nevada",2004-10-14
/documents/remarks-cedar-rapids-iowa-2,"Remarks in Cedar Rapids, Iowa",2004-10-15
/documents/remarks-oshkosh-wisconsin,"Remarks in Oshkosh, Wisconsin",2004-10-15
/documents/remarks-daytona-beach-florida-0,"Remarks in Daytona Beach, Florida",2004-10-16
/documents/remarks-west-palm-beach-florida-2,"Remarks in West Palm Beach, Florida",2004-10-16
/documents/remarks-sunrise-florida-0,"Remarks in Sunrise, Florida",2004-10-16
/documents/remarks-the-2004-united-states-olympic-and-paralympic-teams,Remarks to the 2004 United States Olympic and Paralympic Teams,2004-10-18
/documents/remarks-marlton,Remarks in Marlton,2004-10-18
/documents/remarks-marlton-new-jersey,"Remarks in Marlton, New Jersey",2004-10-18
/documents/remarks-st-petersburg-florida-0,"Remarks in St. Petersburg, Florida",2004-10-19
/documents/remarks-the-villages-florida,"Remarks in The Villages, Florida",2004-10-19
/documents/remarks-new-port-richey-florida,"Remarks in New Port Richey, Florida",2004-10-19
/documents/remarks-discussion-rochester-minnesota,"Remarks in a Discussion in Rochester, Minnesota",2004-10-20
/documents/remarks-mason-city-iowa,"Remarks in Mason City, Iowa",2004-10-20
/documents/remarks-discussion-eau-claire-wisconsin,"Remarks in a Discussion in Eau Claire, Wisconsin",2004-10-20
/documents/remarks-hershey-pennsylvania-0,"Remarks in Hershey, Pennsylvania",2004-10-21
/documents/remarks-downingtown-pennsylvania-0,"Remarks in Downingtown, Pennsylvania",2004-10-21
/documents/remarks-discussion-canton-ohio,"Remarks in a Discussion in Canton, Ohio",2004-10-22
/documents/remarks-wilkes-barre-pennsylvania,"Remarks in Wilkes-Barre, Pennsylvania",2004-10-22
/documents/remarks-melbourne-florida,"Remarks in Melbourne, Florida",2004-10-23
/documents/remarks-lakeland-florida,"Remarks in Lakeland, Florida",2004-10-23
/documents/remarks-jacksonville-florida,"Remarks in Jacksonville, Florida",2004-10-23
/documents/remarks-fort-myers-florida,"Remarks in Fort Myers, Florida",2004-10-23
/documents/remarks-alamogordo-new-mexico,"Remarks in Alamogordo, New Mexico",2004-10-24
/documents/remarks-council-bluffs-iowa,"Remarks in Council Bluffs, Iowa",2004-10-25
/documents/remarks-davenport-iowa,"Remarks in Davenport, Iowa",2004-10-25
/documents/remarks-greeley-colorado,"Remarks in Greeley, Colorado",2004-10-25
/documents/remarks-dubuque-iowa-0,"Remarks in Dubuque, Iowa",2004-10-26
/documents/remarks-onalaska-wisconsin,"Remarks in Onalaska, Wisconsin",2004-10-26
/documents/remarks-cuba-city-wisconsin,"Remarks in Cuba City, Wisconsin",2004-10-26
/documents/remarks-discussion-richland-center-wisconsin,"Remarks in a Discussion in Richland Center, Wisconsin",2004-10-26
/documents/remarks-lititz-pennsylvania,"Remarks in Lititz, Pennsylvania",2004-10-27
/documents/remarks-vienna-ohio,"Remarks in Vienna, Ohio",2004-10-27
/documents/remarks-findlay-ohio-0,"Remarks in Findlay, Ohio",2004-10-27
/documents/remarks-pontiac-michigan-0,"Remarks in Pontiac, Michigan",2004-10-27
/documents/remarks-yardley-pennsylvania,"Remarks in Yardley, Pennsylvania",2004-10-28
/documents/remarks-dayton-ohio-1,"Remarks in Dayton, Ohio",2004-10-28
/documents/remarks-westlake-ohio,"Remarks in Westlake, Ohio",2004-10-28
/documents/remarks-saginaw-michigan-0,"Remarks in Saginaw, Michigan",2004-10-28
/documents/remarks-columbus-ohio-2,"Remarks in Columbus, Ohio",2004-10-29
/documents/remarks-toledo-ohio,"Remarks in Toledo, Ohio",2004-10-29
/documents/remarks-portsmouth-new-hampshire-2,"Remarks in Portsmouth, New Hampshire",2004-10-29
/documents/remarks-manchester-new-hampshire-2,"Remarks in Manchester, New Hampshire",2004-10-29
/documents/remarks-al-jazeera-videotape-usama-bin-laden,Remarks on Al Jazeera Videotape of Usama bin Laden,2004-10-29
/documents/remarks-ashwaubenon-wisconsin-0,"Remarks in Ashwaubenon, Wisconsin",2004-10-30
/documents/remarks-minneapolis-minnesota-0,"Remarks in Minneapolis, Minnesota",2004-10-30
/documents/remarks-grand-rapids-michigan,"Remarks in Grand Rapids, Michigan",2004-10-30
/documents/remarks-orlando-florida-0,"Remarks in Orlando, Florida",2004-10-30
/documents/remarks-tampa-florida-2,"Remarks in Tampa, Florida",2004-10-31
/documents/remarks-cincinnati-ohio-1,"Remarks in Cincinnati, Ohio",2004-10-31
/documents/remarks-miami-florida,"Remarks in Miami, Florida",2004-10-31
/documents/remarks-gainesville-florida,"Remarks in Gainesville, Florida",2004-10-31
/documents/remarks-dallas-texas-1,"Remarks in Dallas, Texas",2004-11-01
/documents/remarks-albuquerque-new-mexico-3,"Remarks in Albuquerque, New Mexico",2004-11-01
/documents/remarks-sioux-city-iowa-0,"Remarks in Sioux City, Iowa",2004-11-01
/documents/remarks-milwaukee-wisconsin,"Remarks in Milwaukee, Wisconsin",2004-11-01
/documents/remarks-reporters-arrival-pittsburgh-pennsylvania,"Remarks to Reporters on Arrival in Pittsburgh, Pennsylvania",2004-11-01
/documents/remarks-burgettstown-pennsylvania,"Remarks in Burgettstown, Pennsylvania",2004-11-01
/documents/remarks-wilmington-ohio,"Remarks in Wilmington, Ohio",2004-11-01
/documents/remarks-des-moines-iowa,"Remarks in Des Moines, Iowa",2004-11-01
/documents/remarks-campaign-volunteers-and-exchange-with-reporters-columbus-ohio,"Remarks to Campaign Volunteers and an Exchange With Reporters in Columbus, Ohio ",2004-11-02
/documents/remarks-election-day-and-exchange-with-reporters-crawford-texas,"Remarks on Election Day and an Exchange With Reporters in Crawford, Texas",2004-11-02
