/documents/address-accepting-the-presidential-nomination-the-democratic-national-convention-boston,Address Accepting the Presidential Nomination at the Democratic National Convention in Boston,2004-07-29
/documents/remarks-the-unity-2004-conference-washington-dc,"Remarks at the UNITY 2004 Conference in Washington, DC",2004-08-05
/documents/remarks-carson-california,"Remarks in Carson, California",2004-08-12
/documents/remarks-the-veterans-foreign-wars-105th-annual-convention-cincinnati-ohio,"Remarks to the Veterans of Foreign Wars 105th Annual Convention in Cincinnati, Ohio",2004-08-18
/documents/remarks-the-international-association-fire-fighters-boston,Remarks to the International Association of Fire Fighters in Boston,2004-08-19
/documents/remarks-the-cooper-union-new-york-city,Remarks at the Cooper Union in New York City,2004-08-24
/documents/remarks-racine-west-virginia,"Remarks in Racine, West Virginia",2004-09-06
/documents/remarks-cincinnati-ohio-5,"Remarks in Cincinnati, Ohio",2004-09-08
/documents/remarks-the-124th-annual-session-the-national-baptist-convention-new-orleans,Remarks to the 124th Annual Session of the National Baptist Convention in New Orleans,2004-09-09
/documents/remarks-the-massachusetts-911-fund-third-anniversary-commemoration-boston,Remarks at the Massachusetts 9/11 Fund Third Anniversary Commemoration in Boston,2004-09-11
/documents/remarks-the-congressional-black-caucus-foundations-34th-annual-legislative-conference,"Remarks to the Congressional Black Caucus Foundation's 34th Annual Legislative Conference in Washington, DC",2004-09-11
/documents/remarks-milwaukee-wisconsin-0,"Remarks in Milwaukee, Wisconsin",2004-09-14
/documents/remarks-the-congressional-hispanic-caucus-institutes-27th-annual-gala-washington-dc,"Remarks at the Congressional Hispanic Caucus Institute's 27th Annual Gala in Washington, DC",2004-09-15
/documents/remarks-the-detroit-economic-club-2,Remarks at the Detroit Economic Club,2004-09-15
/documents/remarks-the-126th-national-guard-association-the-united-states-general-conference-las,Remarks at the 126th National Guard Association of the United States General Conference in Las Vegas,2004-09-16
/documents/remarks-new-york-university,Remarks at New York University,2004-09-20
/documents/remarks-temple-university-philadelphia,Remarks at Temple University in Philadelphia,2004-09-24
/documents/remarks-orlando-florida-4,"Remarks in Orlando, Florida",2004-10-02
/documents/remarks-east-mt-zion-baptist-church-cleveland-ohio,"Remarks at East Mt. Zion Baptist Church in Cleveland, Ohio",2004-10-03
/documents/remarks-santa-fe-new-mexico,"Remarks in Santa Fe, New Mexico",2004-10-11
/documents/remarks-the-national-conference-the-american-association-retired-people-las-vegas,Remarks to the National Conference of the American Association of Retired People in Las Vegas,2004-10-14
/documents/remarks-milwaukee-area-technical-college,Remarks at Milwaukee Area Technical College,2004-10-15
/documents/remarks-xenia-high-school-xenia-ohio,"Remarks at Xenia High School in Xenia, Ohio",2004-10-16
/documents/remarks-teresa-heinz-kerry-the-lion-judah-conference-washington-dc,"Remarks of Teresa Heinz Kerry at the Lion of Judah Conference in Washington, DC",2004-10-17
/documents/remarks-tampa-florida-7,"Remarks in Tampa, Florida",2004-10-18
/documents/remarks-wilkes-barre-pennsylvania-1,"Remarks in Wilkes-Barre, Pennsylvania",2004-10-19
/documents/remarks-waterloo-iowa-0,"Remarks in Waterloo, Iowa",2004-10-20
/documents/remarks-columbus-ohio-9,"Remarks in Columbus, Ohio",2004-10-21
/documents/remarks-milwaukee-wisconsin-1,"Remarks in Milwaukee, Wisconsin",2004-10-22
/documents/remarks-the-broward-center-for-the-performing-arts-fort-lauderdale-florida,"Remarks at the Broward Center for the Performing Arts in Fort Lauderdale, Florida",2004-10-24
/documents/remarks-the-university-wisconsin-green-bay,Remarks at the University of Wisconsin in Green Bay,2004-10-26
/documents/remarks-north-high-school-sioux-city-iowa,"Remarks at North High School in Sioux City, Iowa",2004-10-27
/documents/remarks-orlando-florida-2,"Remarks in Orlando, Florida",2004-10-29
