/documents/address-announcing-candidacy-for-president-the-united-states-patriots-point-south-carolina,"Address Announcing Candidacy for President of the United States in Patriot's Point, South Carolina",2003-09-02
/documents/address-the-greater-bethlehem-temple-church-jackson-mississippi,"Address to the Greater Bethlehem Temple Church in Jackson, Mississippi",2004-03-02
/documents/remarks-des-moines-iowa-7,"Remarks in Des Moines, Iowa",2004-03-08
/documents/remarks-following-the-florida-louisiana-mississippi-and-texas-primaries,"Remarks Following the Florida, Louisiana, Mississippi, and Texas Primaries",2004-03-09
/documents/remarks-tax-policy,Remarks on Tax Policy,2004-03-10
/documents/remarks-quincy-illinois-0,"Remarks in Quincy, Illinois",2004-03-13
/documents/supporting-americas-front-lines-the-war-terror-remarks-john-kerry,"""Supporting America's Front Lines of the War on Terror"": Remarks of John Kerry",2004-03-15
/documents/remarks-following-the-illinois-primary,Remarks Following the Illinois Primary,2004-03-16
/documents/protecting-our-military-families-times-war-remarks-john-kerry,"""Protecting Our Military Families in Times of War"": Remarks of John Kerry",2004-03-17
/documents/united-for-new-america-remarks-john-kerry,"""United for a New America"": Remarks of John Kerry",2004-03-25
/documents/jobs-first-economic-plan-remarks-john-kerry,"""A Jobs-First Economic Plan"": Remarks of John Kerry",2004-03-26
/documents/remarks-the-new-northside-baptist-church-st-louis-missouri,"Remarks to the New Northside Baptist Church in St. Louis, Missouri",2004-03-28
/documents/remarks-the-building-trades-legislative-conference,Remarks to the Building Trades Legislative Conference,2004-03-31
/documents/remarks-cincinnati-ohio-4,"Remarks in Cincinnati, Ohio",2004-04-06
/documents/remarks-georgetown-university-washington-dc-0,"Remarks at Georgetown University in Washington, DC",2004-04-07
/documents/remarks-the-university-new-hampshire-durham-0,Remarks at the University of New Hampshire in Durham,2004-04-12
/documents/radio-address-the-nation-0,Radio Address to the Nation,2004-04-17
/documents/remarks-earth-day-2004-houston-texas,"Remarks on Earth Day 2004 in Houston, Texas",2004-04-22
/documents/contract-with-americas-middle-class-remarks-john-kerry,"""A Contract with Americas Middle Class"": Remarks of John Kerry",2004-04-23
/documents/remarks-wheeling-west-virginia-0,"Remarks in Wheeling, West Virginia",2004-04-26
/documents/remarks-the-national-conference-black-mayors-0,Remarks to the National Conference of Black Mayors,2004-04-29
/documents/remarks-westminster-college-fulton-missouri,"Remarks at Westminster College in Fulton, Missouri",2004-04-30
/documents/remarks-the-anti-defamation-league,Remarks to the Anti-Defamation League,2004-05-03
/documents/remarks-the-democratic-leadership-council-3,Remarks to the Democratic Leadership Council,2004-05-07
/documents/commencement-address-southern-university-new-orleans,Commencement Address at Southern University at New Orleans,2004-05-08
/documents/remarks-edinboro-university-pennsylvania,Remarks at Edinboro University of Pennsylvania,2004-05-10
/documents/remarks-the-international-brotherhood-teamsters-annual-unity-conference-las-vegas,Remarks to the International Brotherhood of Teamsters Annual Unity Conference in Las Vegas,2004-05-16
/documents/remarks-the-anniversary-brown-v-board-education-topeka-kansas,"Remarks on the Anniversary of Brown v. Board of Education in Topeka, Kansas",2004-05-17
/documents/radio-address-the-nation-1,Radio Address to the Nation,2004-05-22
/documents/security-and-strength-for-new-world-remarks-john-kerry,"""Security and Strength for a New World"": Remarks of John Kerry",2004-05-27
/documents/radio-address-the-nation-2,Radio Address to the Nation,2004-05-29
/documents/new-strategies-meet-new-threats-remarks-john-kerry,"""New Strategies to Meet New Threats"": Remarks of John Kerry",2004-06-01
/documents/strengthening-our-military-remarks-john-kerry,"""Strengthening Our Military"": Remarks of John Kerry",2004-06-03
/documents/commencement-address-bedford-high-school-toledo-ohio,"Commencement Address at Bedford High School in Toledo, Ohio",2004-06-06
/documents/remarks-denver-colorado-5,"Remarks in Denver, Colorado",2004-06-21
/documents/remarks-san-jose-california-2,"Remarks in San Jose, California",2004-06-24
/documents/remarks-the-national-association-latino-elected-and-appointed-officials-washington-dc-1,"Remarks to the National Association of Latino Elected and Appointed Officials in Washington, DC",2004-06-26
/documents/remarks-the-national-council-la-razas-37th-annual-conference-phoenix-arizona,"Remarks to the National Council of La Raza's 37th Annual Conference in Phoenix, Arizona",2004-06-29
/documents/remarks-the-33rd-annual-rainbow-push-coalition-and-citizenship-education-fund-conference,Remarks to the 33rd Annual Rainbow / PUSH Coalition and Citizenship Education Fund Conference,2004-06-29
/documents/celebrating-the-spirit-america-remarks-john-kerry,"""Celebrating the Spirit of America"": Remarks of John Kerry",2004-07-02
/documents/radio-address-the-nation-3,Radio Address to the Nation,2004-07-03
/documents/remarks-the-ame-convention-indianapolis,Remarks to the AME Convention in Indianapolis,2004-07-06
/documents/remarks-announcing-john-edwards-vice-presidential-running-mate-pittsburgh-pennsylvania,"Remarks Announcing John Edwards as Vice-Presidential Running Mate in Pittsburgh, Pennsylvania",2004-07-06
/documents/democratic-radio-address-0,Democratic Radio Address,2004-07-12
/documents/remarks-the-95th-annual-naacp-convention-philadelphia,Remarks to the 95th Annual NAACP Convention in Philadelphia,2004-07-15
/documents/remarks-the-american-federation-teachers-washington-dc,"Remarks to the American Federation of Teachers in Washington, DC",2004-07-16
/documents/remarks-the-2004-national-urban-league-conference-detroit,Remarks to the 2004 National Urban League Conference in Detroit,2004-07-22
/documents/remarks-aurora-colorado-0,"Remarks in Aurora, Colorado",2004-07-23
/documents/radio-address-the-nation-from-sioux-city-iowa,"Radio Address to the Nation from Sioux City, Iowa",2004-07-24
/documents/address-accepting-the-presidential-nomination-the-democratic-national-convention-boston,Address Accepting the Presidential Nomination at the Democratic National Convention in Boston,2004-07-29
/documents/remarks-the-unity-2004-conference-washington-dc,"Remarks at the UNITY 2004 Conference in Washington, DC",2004-08-05
/documents/radio-address-the-nation-4,Radio Address to the Nation,2004-08-07
/documents/remarks-carson-california,"Remarks in Carson, California",2004-08-12
/documents/remarks-the-veterans-foreign-wars-105th-annual-convention-cincinnati-ohio,"Remarks to the Veterans of Foreign Wars 105th Annual Convention in Cincinnati, Ohio",2004-08-18
/documents/remarks-the-international-association-fire-fighters-boston,Remarks to the International Association of Fire Fighters in Boston,2004-08-19
/documents/remarks-the-cooper-union-new-york-city,Remarks at the Cooper Union in New York City,2004-08-24
/documents/remarks-racine-west-virginia,"Remarks in Racine, West Virginia",2004-09-06
/documents/remarks-cincinnati-ohio-5,"Remarks in Cincinnati, Ohio",2004-09-08
/documents/remarks-the-124th-annual-session-the-national-baptist-convention-new-orleans,Remarks to the 124th Annual Session of the National Baptist Convention in New Orleans,2004-09-09
/documents/remarks-the-massachusetts-911-fund-third-anniversary-commemoration-boston,Remarks at the Massachusetts 9/11 Fund Third Anniversary Commemoration in Boston,2004-09-11
/documents/radio-address-the-nation-5,Radio Address to the Nation,2004-09-11
/documents/remarks-the-congressional-black-caucus-foundations-34th-annual-legislative-conference,"Remarks to the Congressional Black Caucus Foundation's 34th Annual Legislative Conference in Washington, DC",2004-09-11
/documents/remarks-milwaukee-wisconsin-0,"Remarks in Milwaukee, Wisconsin",2004-09-14
/documents/remarks-the-congressional-hispanic-caucus-institutes-27th-annual-gala-washington-dc,"Remarks at the Congressional Hispanic Caucus Institute's 27th Annual Gala in Washington, DC",2004-09-15
/documents/remarks-the-detroit-economic-club-2,Remarks at the Detroit Economic Club,2004-09-15
/documents/remarks-the-126th-national-guard-association-the-united-states-general-conference-las,Remarks at the 126th National Guard Association of the United States General Conference in Las Vegas,2004-09-16
/documents/remarks-new-york-university,Remarks at New York University,2004-09-20
/documents/remarks-temple-university-philadelphia,Remarks at Temple University in Philadelphia,2004-09-24
/documents/remarks-orlando-florida-4,"Remarks in Orlando, Florida",2004-10-02
/documents/democratic-radio-address-the-nation-john-edwards,Democratic Radio Address to the Nation by John Edwards,2004-10-02
/documents/remarks-east-mt-zion-baptist-church-cleveland-ohio,"Remarks at East Mt. Zion Baptist Church in Cleveland, Ohio",2004-10-03
/documents/remarks-santa-fe-new-mexico,"Remarks in Santa Fe, New Mexico",2004-10-11
/documents/remarks-the-national-conference-the-american-association-retired-people-las-vegas,Remarks to the National Conference of the American Association of Retired People in Las Vegas,2004-10-14
/documents/remarks-milwaukee-area-technical-college,Remarks at Milwaukee Area Technical College,2004-10-15
/documents/remarks-xenia-high-school-xenia-ohio,"Remarks at Xenia High School in Xenia, Ohio",2004-10-16
/documents/radio-address-the-nation-6,Radio Address to the Nation,2004-10-16
/documents/remarks-teresa-heinz-kerry-the-lion-judah-conference-washington-dc,"Remarks of Teresa Heinz Kerry at the Lion of Judah Conference in Washington, DC",2004-10-17
/documents/remarks-tampa-florida-7,"Remarks in Tampa, Florida",2004-10-18
/documents/remarks-wilkes-barre-pennsylvania-1,"Remarks in Wilkes-Barre, Pennsylvania",2004-10-19
/documents/remarks-waterloo-iowa-0,"Remarks in Waterloo, Iowa",2004-10-20
/documents/remarks-columbus-ohio-9,"Remarks in Columbus, Ohio",2004-10-21
/documents/remarks-milwaukee-wisconsin-1,"Remarks in Milwaukee, Wisconsin",2004-10-22
/documents/radio-address-the-nation-7,Radio Address to the Nation,2004-10-23
/documents/remarks-the-broward-center-for-the-performing-arts-fort-lauderdale-florida,"Remarks at the Broward Center for the Performing Arts in Fort Lauderdale, Florida",2004-10-24
/documents/remarks-the-university-wisconsin-green-bay,Remarks at the University of Wisconsin in Green Bay,2004-10-26
/documents/remarks-north-high-school-sioux-city-iowa,"Remarks at North High School in Sioux City, Iowa",2004-10-27
/documents/remarks-orlando-florida-2,"Remarks in Orlando, Florida",2004-10-29
/documents/radio-address-the-nation-8,Radio Address to the Nation,2004-10-30
/documents/address-conceding-the-presidential-election-fanueil-hall-boston,Address Conceding the Presidential Election at Fanueil Hall in Boston,2004-11-03
